"COUNTRY, AREA OR TERRITORY",Year,"Population 
(thousands)",% urban,At least basic,Limited (more than 30 mins),Unimproved,Safely managed,Accessible on premises,Available when needed,Free from contamination,Piped,Non-piped
Australia and New Zealand,2000,22 990,85,>99,<1,<1,-,97,90,-,94,6
Australia and New Zealand,2001,23 257,84,>99,<1,<1,-,97,91,-,94,6
Australia and New Zealand,2002,23 546,85,>99,<1,<1,-,97,91,-,94,6
Australia and New Zealand,2003,23 842,85,>99,<1,<1,-,97,92,-,95,5
Australia and New Zealand,2004,24 131,85,>99,<1,<1,-,98,92,-,95,5
Australia and New Zealand,2005,24 429,85,>99,<1,<1,-,98,93,-,95,5
Australia and New Zealand,2006,24 772,85,>99,<1,<1,-,98,93,-,95,4
Australia and New Zealand,2007,25 178,85,>99,<1,<1,-,98,94,-,96,4
Australia and New Zealand,2008,25 632,85,>99,<1,<1,-,98,94,-,96,4
Australia and New Zealand,2009,26 087,85,>99,<1,<1,-,99,94,-,96,4
Australia and New Zealand,2010,26 489,85,>99,<1,<1,-,99,95,-,96,3
Australia and New Zealand,2011,26 862,85,>99,<1,<1,-,>99,95,-,97,3
Australia and New Zealand,2012,27 264,86,>99,<1,<1,-,>99,96,-,97,3
Australia and New Zealand,2013,27 690,86,>99,<1,<1,-,>99,96,-,97,3
Australia and New Zealand,2014,28 119,86,>99,<1,<1,-,>99,96,-,97,3
Australia and New Zealand,2015,28 562,86,>99,<1,<1,-,>99,96,-,98,2
Australia and New Zealand,2016,29 045,86,>99,<1,<1,-,>99,96,-,98,2
Australia and New Zealand,2017,29 544,86,>99,<1,<1,-,>99,96,-,98,2
Australia and New Zealand,2018,30 021,86,>99,<1,<1,-,>99,96,-,98,2
Australia and New Zealand,2019,30 472,86,>99,<1,<1,-,>99,96,-,98,2
Australia and New Zealand,2020,30 814,86,>99,<1,<1,-,>99,96,-,-,-
Australia and New Zealand,2021,31 064,86,>99,<1,<1,-,>99,96,-,-,-
Australia and New Zealand,2022,31 333,87,>99,<1,<1,-,>99,96,-,-,-
Australia and New Zealand,2023,31 624,87,>99,<1,<1,-,>99,96,-,-,-
Australia and New Zealand,2024,31 927,87,>99,<1,<1,-,>99,96,-,-,-
Central and Southern Asia,2000,1 534 794,30,82,4,12,48,48,72,58,39,47
Central and Southern Asia,2001,1 563 977,30,82,4,11,49,49,73,58,39,47
Central and Southern Asia,2002,1 592 671,30,83,4,11,50,50,73,59,40,47
Central and Southern Asia,2003,1 621 101,31,83,4,10,51,51,74,59,41,47
Central and Southern Asia,2004,1 649 885,31,84,4,10,52,52,74,60,41,47
Central and Southern Asia,2005,1 678 121,31,85,4,10,54,54,75,60,42,46
Central and Southern Asia,2006,1 705 977,32,85,4,9,55,55,75,60,43,46
Central and Southern Asia,2007,1 733 040,32,86,4,9,56,56,76,61,43,46
Central and Southern Asia,2008,1 759 490,32,86,4,8,57,57,77,61,44,46
Central and Southern Asia,2009,1 786 570,33,87,4,8,58,58,77,62,45,46
Central and Southern Asia,2010,1 813 842,33,87,4,7,60,60,78,63,45,46
Central and Southern Asia,2011,1 840 842,34,88,3,7,61,61,78,65,46,46
Central and Southern Asia,2012,1 867 238,34,89,3,7,62,62,79,66,46,45
Central and Southern Asia,2013,1 892 781,34,89,3,6,63,63,79,67,47,45
Central and Southern Asia,2014,1 917 606,35,90,3,6,65,65,80,68,48,45
Central and Southern Asia,2015,1 941 567,35,90,3,5,66,66,80,70,48,45
Central and Southern Asia,2016,1 965 448,35,91,3,5,67,67,81,71,49,45
Central and Southern Asia,2017,1 989 429,36,91,3,5,68,68,81,72,50,45
Central and Southern Asia,2018,2 013 149,36,92,3,4,69,69,82,74,50,45
Central and Southern Asia,2019,2 036 731,37,92,3,4,71,71,82,75,51,44
Central and Southern Asia,2020,2 059 942,37,93,3,3,72,72,82,76,51,44
Central and Southern Asia,2021,2 081 130,38,94,3,3,73,73,83,77,52,44
Central and Southern Asia,2022,2 101 809,38,94,3,3,74,74,83,78,53,44
Central and Southern Asia,2023,2 123 893,39,95,3,2,76,76,84,80,53,44
Central and Southern Asia,2024,2 146 282,39,95,2,2,77,77,84,81,54,44
Eastern and South-Eastern Asia,2000,2 025 350,41,81,<1,15,68,68,77,69,46,36
Eastern and South-Eastern Asia,2001,2 043 034,42,82,<1,14,69,69,77,69,48,35
Eastern and South-Eastern Asia,2002,2 060 302,43,83,<1,13,70,70,78,70,50,34
Eastern and South-Eastern Asia,2003,2 076 016,44,84,<1,12,71,71,79,71,51,33
Eastern and South-Eastern Asia,2004,2 091 446,45,85,<1,12,71,73,80,71,53,32
Eastern and South-Eastern Asia,2005,2 107 133,46,85,<1,11,72,74,81,72,55,31
Eastern and South-Eastern Asia,2006,2 123 271,47,86,<1,11,72,75,81,72,56,30
Eastern and South-Eastern Asia,2007,2 139 701,48,87,<1,10,73,76,82,73,58,30
Eastern and South-Eastern Asia,2008,2 156 408,49,87,<1,9,74,77,83,74,59,29
Eastern and South-Eastern Asia,2009,2 173 485,50,88,<1,9,74,79,83,74,61,28
Eastern and South-Eastern Asia,2010,2 190 840,51,89,<1,8,75,80,84,75,62,27
Eastern and South-Eastern Asia,2011,2 207 927,52,89,1,8,75,81,85,75,64,26
Eastern and South-Eastern Asia,2012,2 225 809,53,90,1,7,76,82,86,76,65,26
Eastern and South-Eastern Asia,2013,2 243 785,54,90,1,7,76,83,86,76,66,25
Eastern and South-Eastern Asia,2014,2 260 819,55,91,1,7,76,84,87,76,68,24
Eastern and South-Eastern Asia,2015,2 276 839,56,91,1,6,65,85,88,65,69,24
Eastern and South-Eastern Asia,2016,2 292 382,57,92,1,6,66,86,89,66,70,23
Eastern and South-Eastern Asia,2017,2 307 986,58,92,1,5,67,87,89,67,71,22
Eastern and South-Eastern Asia,2018,2 321 416,59,93,1,5,67,87,90,67,73,22
Eastern and South-Eastern Asia,2019,2 332 292,60,93,1,5,68,88,91,68,74,21
Eastern and South-Eastern Asia,2020,2 340 521,60,94,1,4,69,89,91,69,75,20
Eastern and South-Eastern Asia,2021,2 345 241,61,94,1,4,69,90,92,69,76,20
Eastern and South-Eastern Asia,2022,2 348 163,62,95,1,3,70,91,93,70,77,19
Eastern and South-Eastern Asia,2023,2 350 146,63,95,1,3,71,91,93,71,77,19
Eastern and South-Eastern Asia,2024,2 351 265,63,95,1,3,75,92,93,75,78,19
Europe and Northern America,2000,1 038 228,74,99,<1,<1,92,92,-,94,93,6
Europe and Northern America,2001,1 041 401,74,99,<1,<1,92,92,-,94,93,6
Europe and Northern America,2002,1 045 408,74,99,<1,<1,92,92,-,94,93,6
Europe and Northern America,2003,1 049 786,74,99,<1,<1,92,92,-,94,93,6
Europe and Northern America,2004,1 053 834,74,99,<1,<1,92,92,-,94,94,6
Europe and Northern America,2005,1 057 877,74,99,<1,<1,93,93,95,94,94,5
Europe and Northern America,2006,1 062 486,75,99,<1,<1,93,93,95,94,94,5
Europe and Northern America,2007,1 067 151,75,99,<1,<1,93,94,95,94,94,5
Europe and Northern America,2008,1 072 294,75,99,<1,<1,93,94,95,94,94,5
Europe and Northern America,2009,1 077 117,75,99,<1,<1,93,94,95,94,94,5
Europe and Northern America,2010,1 081 743,75,99,<1,<1,93,94,95,94,95,4
Europe and Northern America,2011,1 086 354,76,99,<1,<1,93,94,95,94,95,4
Europe and Northern America,2012,1 090 817,76,99,<1,<1,93,95,95,94,95,4
Europe and Northern America,2013,1 095 184,76,99,<1,<1,93,95,95,94,95,4
Europe and Northern America,2014,1 099 707,76,99,<1,<1,93,95,95,94,95,4
Europe and Northern America,2015,1 104 672,76,99,<1,<1,94,95,95,94,95,4
Europe and Northern America,2016,1 109 900,77,99,<1,<1,94,95,95,95,95,4
Europe and Northern America,2017,1 114 800,77,99,<1,<1,94,95,95,95,96,4
Europe and Northern America,2018,1 119 274,77,99,<1,<1,94,95,96,95,96,3
Europe and Northern America,2019,1 123 448,77,99,<1,<1,94,95,96,95,96,3
Europe and Northern America,2020,1 125 507,78,99,<1,<1,94,95,96,95,96,3
Europe and Northern America,2021,1 125 614,78,99,<1,<1,94,95,96,95,96,3
Europe and Northern America,2022,1 125 728,78,99,<1,<1,94,95,96,95,97,2
Europe and Northern America,2023,1 126 806,78,99,<1,<1,94,95,96,96,97,2
Europe and Northern America,2024,1 128 694,78,99,<1,<1,94,95,96,96,97,2
Latin America and the Caribbean,2000,521 323,76,91,<1,6,70,83,77,70,83,8
Latin America and the Caribbean,2001,528 626,76,91,<1,5,70,84,77,70,84,8
Latin America and the Caribbean,2002,535 741,76,92,<1,5,71,84,78,71,85,8
Latin America and the Caribbean,2003,542 688,77,92,<1,5,71,85,78,71,85,8
Latin America and the Caribbean,2004,549 494,77,93,<1,5,71,85,78,71,86,8
Latin America and the Caribbean,2005,556 212,77,93,<1,4,72,86,78,72,86,7
Latin America and the Caribbean,2006,562 855,77,93,<1,4,72,87,78,72,87,7
Latin America and the Caribbean,2007,569 468,78,94,<1,4,72,87,78,72,87,7
Latin America and the Caribbean,2008,576 049,78,94,<1,3,72,88,78,72,87,7
Latin America and the Caribbean,2009,582 545,78,94,<1,3,73,88,78,73,88,7
Latin America and the Caribbean,2010,588 908,79,94,<1,3,73,89,79,73,88,7
Latin America and the Caribbean,2011,595 243,79,95,<1,3,73,89,79,73,89,7
Latin America and the Caribbean,2012,601 577,79,95,<1,3,73,90,79,73,89,6
Latin America and the Caribbean,2013,607 837,79,95,<1,2,74,90,79,74,90,6
Latin America and the Caribbean,2014,614 015,80,95,<1,2,74,91,79,74,90,6
Latin America and the Caribbean,2015,620 043,80,96,<1,2,75,91,80,75,90,6
Latin America and the Caribbean,2016,625 923,80,96,<1,2,75,92,80,75,91,6
Latin America and the Caribbean,2017,631 575,80,96,<1,1,75,92,81,75,91,6
Latin America and the Caribbean,2018,637 012,81,96,<1,1,76,93,81,76,91,6
Latin America and the Caribbean,2019,642 196,81,96,<1,1,76,93,82,76,92,6
Latin America and the Caribbean,2020,646 729,81,97,<1,<1,77,94,82,77,92,6
Latin America and the Caribbean,2021,650 465,81,97,<1,<1,77,94,83,77,92,6
Latin America and the Caribbean,2022,654 367,82,97,<1,<1,77,94,83,77,92,6
Latin America and the Caribbean,2023,658 892,82,97,<1,<1,78,94,84,78,93,6
Latin America and the Caribbean,2024,663 466,82,98,<1,<1,78,95,84,78,93,6
Northern Africa and Western Asia,2000,362 460,56,84,5,9,66,75,66,74,77,11
Northern Africa and Western Asia,2001,369 968,56,84,5,9,67,75,67,74,78,11
Northern Africa and Western Asia,2002,377 563,57,84,5,8,67,75,67,74,78,12
Northern Africa and Western Asia,2003,385 181,57,85,5,8,67,76,67,74,78,12
Northern Africa and Western Asia,2004,392 909,57,85,5,8,67,76,67,74,78,12
Northern Africa and Western Asia,2005,400 956,58,85,5,7,68,76,68,75,79,12
Northern Africa and Western Asia,2006,409 344,58,86,5,7,69,77,69,75,79,12
Northern Africa and Western Asia,2007,418 225,58,86,5,7,69,77,69,76,79,12
Northern Africa and Western Asia,2008,427 531,59,87,5,6,70,78,70,76,79,12
Northern Africa and Western Asia,2009,436 888,59,87,5,6,70,78,70,77,80,13
Northern Africa and Western Asia,2010,446 081,59,87,5,6,71,79,71,77,80,13
Northern Africa and Western Asia,2011,455 432,60,88,5,5,71,79,71,77,80,13
Northern Africa and Western Asia,2012,465 277,60,88,5,5,72,80,72,78,81,13
Northern Africa and Western Asia,2013,475 599,60,89,5,5,72,80,72,78,81,13
Northern Africa and Western Asia,2014,486 457,61,89,5,4,72,81,72,78,82,13
Northern Africa and Western Asia,2015,497 571,61,89,5,4,73,81,73,79,82,12
Northern Africa and Western Asia,2016,508 025,61,90,5,4,73,82,73,79,83,12
Northern Africa and Western Asia,2017,517 512,62,90,5,3,73,82,73,80,83,13
Northern Africa and Western Asia,2018,526 457,62,90,5,3,74,83,74,80,83,13
Northern Africa and Western Asia,2019,535 333,62,91,5,3,74,83,74,80,83,13
Northern Africa and Western Asia,2020,543 949,62,91,5,3,75,84,75,81,84,13
Northern Africa and Western Asia,2021,552 427,63,91,5,2,75,84,75,81,84,13
Northern Africa and Western Asia,2022,562 409,63,92,5,2,75,84,75,81,84,13
Northern Africa and Western Asia,2023,572 507,63,92,5,2,76,85,76,82,84,13
Northern Africa and Western Asia,2024,581 482,64,92,5,2,76,85,76,82,84,13
Oceania,2000,8 363,24,50,<1,12,-,36,30,-,36,14
Oceania,2001,8 590,24,50,<1,12,-,35,30,-,37,12
Oceania,2002,8 819,23,50,<1,12,-,35,30,-,37,12
Oceania,2003,9 052,23,49,<1,12,-,35,30,-,37,12
Oceania,2004,9 288,23,49,<1,13,-,35,30,-,37,12
Oceania,2005,9 526,23,50,<1,13,-,35,30,-,36,13
Oceania,2006,9 768,23,51,<1,14,-,35,30,-,36,14
Oceania,2007,10 012,23,51,<1,14,-,35,31,-,36,15
Oceania,2008,10 258,23,52,<1,15,-,36,31,-,36,16
Oceania,2009,10 506,23,53,1,15,-,36,31,-,35,18
Oceania,2010,10 764,23,53,1,16,-,37,32,-,35,19
Oceania,2011,11 027,23,54,2,17,-,38,32,-,35,20
Oceania,2012,11 286,23,55,2,17,-,38,33,-,34,21
Oceania,2013,11 543,23,55,2,18,-,39,33,-,34,22
Oceania,2014,11 800,22,56,2,18,-,40,34,-,34,23
Oceania,2015,12 053,22,57,3,19,-,41,34,-,34,25
Oceania,2016,12 302,22,57,3,20,-,42,35,-,33,26
Oceania,2017,12 550,22,58,3,20,-,42,35,-,33,27
Oceania,2018,12 795,22,59,4,21,-,43,36,-,33,29
Oceania,2019,13 032,22,59,4,21,-,44,36,-,33,30
Oceania,2020,13 265,22,60,4,22,-,45,37,-,32,31
Oceania,2021,13 494,22,61,5,23,-,46,37,-,32,33
Oceania,2022,13 717,22,61,5,23,-,48,38,-,32,34
Oceania,2023,13 939,22,62,6,24,-,49,39,-,32,35
Oceania,2024,14 162,23,63,6,24,-,50,39,-,32,36
Sub-Saharan Africa,2000,648 981,32,45,9,28,17,17,38,27,29,25
Sub-Saharan Africa,2001,666 509,32,46,9,27,18,18,39,28,29,26
Sub-Saharan Africa,2002,684 619,33,47,9,26,18,18,40,28,30,27
Sub-Saharan Africa,2003,703 331,33,48,10,26,19,19,40,29,30,28
Sub-Saharan Africa,2004,722 702,34,49,10,25,19,19,41,29,30,28
Sub-Saharan Africa,2005,742 672,34,50,10,25,20,20,42,29,31,29
Sub-Saharan Africa,2006,763 189,34,51,10,24,20,20,43,30,31,30
Sub-Saharan Africa,2007,784 338,35,52,11,23,21,21,44,30,31,31
Sub-Saharan Africa,2008,806 176,35,53,11,23,21,21,45,30,32,31
Sub-Saharan Africa,2009,828 530,36,54,11,22,22,22,46,31,32,32
Sub-Saharan Africa,2010,851 531,36,55,11,22,23,23,47,31,33,33
Sub-Saharan Africa,2011,885 444,37,55,11,21,23,23,47,32,33,34
Sub-Saharan Africa,2012,910 128,37,56,12,20,24,24,48,32,33,35
Sub-Saharan Africa,2013,935 556,38,57,12,20,24,24,49,32,34,36
Sub-Saharan Africa,2014,961 284,38,58,12,19,25,25,50,33,34,36
Sub-Saharan Africa,2015,987 406,39,59,12,19,26,26,51,33,34,37
Sub-Saharan Africa,2016,1 013 769,40,60,12,18,27,27,52,33,35,38
Sub-Saharan Africa,2017,1 040 454,40,61,12,17,28,28,53,34,35,38
Sub-Saharan Africa,2018,1 068 012,41,62,13,17,28,28,53,34,36,39
Sub-Saharan Africa,2019,1 096 034,41,63,13,16,29,29,54,34,36,40
Sub-Saharan Africa,2020,1 124 522,42,64,13,16,30,30,55,35,36,40
Sub-Saharan Africa,2021,1 153 271,42,65,13,15,30,31,55,35,37,41
Sub-Saharan Africa,2022,1 182 164,43,66,13,15,31,32,56,35,37,42
Sub-Saharan Africa,2023,1 212 229,43,67,13,14,31,33,57,36,38,43
Sub-Saharan Africa,2024,1 243 010,44,68,13,13,32,33,57,36,38,43
Landlocked developing countries,2000,332 025,27,52,8,26,26,26,47,35,32,28
Landlocked developing countries,2001,338 855,27,53,8,25,27,27,47,35,33,28
Landlocked developing countries,2002,346 925,28,54,9,24,27,27,48,35,34,29
Landlocked developing countries,2003,355 608,28,54,9,24,27,28,49,35,34,29
Landlocked developing countries,2004,364 019,28,55,9,23,28,28,50,35,35,30
Landlocked developing countries,2005,372 579,28,56,10,23,28,29,51,36,35,30
Landlocked developing countries,2006,381 485,28,57,10,22,29,29,51,36,36,31
Landlocked developing countries,2007,390 099,28,57,10,21,29,30,52,36,36,31
Landlocked developing countries,2008,399 068,29,58,11,21,29,30,53,36,37,32
Landlocked developing countries,2009,408 670,29,59,11,20,30,31,54,37,38,32
Landlocked developing countries,2010,418 365,29,60,11,19,30,32,55,37,38,33
Landlocked developing countries,2011,438 841,29,60,12,19,30,32,56,37,38,34
Landlocked developing countries,2012,449 724,29,61,12,18,31,32,56,37,39,34
Landlocked developing countries,2013,460 534,29,62,12,17,31,33,57,37,39,35
Landlocked developing countries,2014,471 366,30,63,13,17,32,34,58,38,40,35
Landlocked developing countries,2015,482 100,30,64,13,16,33,35,59,38,41,36
Landlocked developing countries,2016,492 885,30,65,13,15,33,35,60,38,41,36
Landlocked developing countries,2017,503 809,30,65,13,15,34,36,61,38,42,37
Landlocked developing countries,2018,515 440,31,66,14,14,34,37,62,39,43,37
Landlocked developing countries,2019,528 050,31,67,14,13,35,38,63,39,43,38
Landlocked developing countries,2020,541 141,31,68,14,13,35,38,64,39,44,39
Landlocked developing countries,2021,553 892,32,69,14,12,36,39,64,39,44,39
Landlocked developing countries,2022,566 129,32,70,15,11,36,40,65,40,45,40
Landlocked developing countries,2023,579 185,32,71,15,11,37,40,66,40,46,40
Landlocked developing countries,2024,592 790,33,72,15,10,37,41,67,40,46,40
Least developed countries,2000,666 853,25,51,9,26,26,26,47,31,20,41
Least developed countries,2001,682 758,26,52,9,25,26,26,47,31,20,41
Least developed countries,2002,700 670,26,53,9,25,26,27,48,32,21,41
Least developed countries,2003,718 209,26,53,9,24,27,27,48,32,21,41
Least developed countries,2004,735 485,27,54,10,24,27,27,49,32,22,42
Least developed countries,2005,753 151,27,55,10,23,27,28,50,33,23,42
Least developed countries,2006,771 254,28,55,10,23,28,28,50,33,24,42
Least developed countries,2007,789 127,28,56,10,22,28,29,51,33,24,42
Least developed countries,2008,807 450,29,57,11,21,29,30,52,34,25,42
Least developed countries,2009,826 444,29,58,11,21,30,30,52,34,26,43
Least developed countries,2010,845 602,30,59,11,20,30,31,53,34,27,43
Least developed countries,2011,875 685,30,59,11,20,30,31,54,35,27,43
Least developed countries,2012,896 685,30,60,12,19,31,32,54,35,28,44
Least developed countries,2013,918 270,31,61,12,18,32,33,55,35,29,44
Least developed countries,2014,940 284,32,62,12,18,32,34,56,36,30,44
Least developed countries,2015,962 508,32,62,12,17,33,34,56,36,30,44
Least developed countries,2016,985 415,33,63,12,17,34,35,57,37,31,44
Least developed countries,2017,1 008 993,33,64,13,16,34,36,58,37,32,45
Least developed countries,2018,1 033 110,34,65,13,15,35,37,58,37,33,45
Least developed countries,2019,1 058 014,34,66,13,15,36,38,59,38,34,45
Least developed countries,2020,1 083 636,35,67,13,14,36,39,60,38,34,45
Least developed countries,2021,1 109 175,35,67,13,14,37,40,60,38,35,46
Least developed countries,2022,1 134 586,36,68,14,13,38,40,61,39,36,46
Least developed countries,2023,1 160 825,36,69,14,12,38,41,62,39,36,46
Least developed countries,2024,1 187 778,37,70,14,12,39,42,62,39,37,46
Small island developing States,2000,55 126,57,80,3,9,53,63,66,53,66,16
Small island developing States,2001,55 872,57,80,3,9,54,63,66,54,66,16
Small island developing States,2002,57 442,57,80,3,9,53,63,66,53,66,16
Small island developing States,2003,58 129,57,80,3,9,53,63,66,53,66,16
Small island developing States,2004,58 824,58,80,3,9,53,63,66,53,66,16
Small island developing States,2005,59 575,58,80,3,9,55,64,66,55,66,16
Small island developing States,2006,60 374,58,81,3,9,55,64,66,55,66,17
Small island developing States,2007,61 222,58,81,3,9,55,64,67,55,66,17
Small island developing States,2008,62 092,59,81,3,8,56,64,67,56,66,17
Small island developing States,2009,62 919,59,81,3,8,56,64,68,56,66,18
Small island developing States,2010,63 653,59,82,3,8,56,65,68,56,66,18
Small island developing States,2011,64 378,59,82,3,8,56,65,69,56,66,18
Small island developing States,2012,65 142,60,82,3,8,56,65,69,56,66,19
Small island developing States,2013,65 877,60,82,3,8,56,65,70,56,66,19
Small island developing States,2014,66 577,60,83,4,8,56,65,70,56,66,20
Small island developing States,2015,67 260,60,83,4,8,57,65,70,57,66,20
Small island developing States,2016,67 915,60,83,4,8,57,66,71,57,66,21
Small island developing States,2017,68 467,60,83,4,8,57,66,71,57,66,21
Small island developing States,2018,69 085,61,83,4,8,57,66,72,57,65,22
Small island developing States,2019,69 747,61,84,4,8,57,66,72,57,65,22
Small island developing States,2020,70 264,61,84,4,8,57,66,73,57,65,23
Small island developing States,2021,70 727,61,84,4,8,57,66,73,57,64,24
Small island developing States,2022,71 343,61,84,5,8,57,67,73,57,64,24
Small island developing States,2023,72 018,62,85,5,8,57,67,73,57,64,25
Small island developing States,2024,72 589,62,85,5,9,57,67,74,57,64,25
Fragile contexts,2000,1 177 847,34,62,7,19,39,42,54,39,32,36
Fragile contexts,2001,1 206 674,35,62,7,18,39,42,55,39,33,36
Fragile contexts,2002,1 236 750,35,63,7,18,39,42,55,39,33,37
Fragile contexts,2003,1 266 734,36,63,7,18,40,42,56,40,33,37
Fragile contexts,2004,1 297 670,36,64,7,17,40,43,56,40,33,38
Fragile contexts,2005,1 329 290,36,64,7,17,40,43,57,40,34,38
Fragile contexts,2006,1 361 306,37,65,8,17,40,43,57,40,34,39
Fragile contexts,2007,1 393 520,37,66,8,16,41,44,58,41,34,39
Fragile contexts,2008,1 426 556,38,66,8,16,41,44,59,41,35,40
Fragile contexts,2009,1 460 480,38,67,8,15,41,44,59,41,35,40
Fragile contexts,2010,1 494 835,38,68,8,15,41,45,60,41,35,41
Fragile contexts,2011,1 539 649,39,68,8,15,42,45,60,42,35,41
Fragile contexts,2012,1 574 741,39,69,8,14,42,45,61,42,36,42
Fragile contexts,2013,1 609 333,40,70,9,14,42,46,61,42,36,42
Fragile contexts,2014,1 643 577,40,70,9,13,42,46,62,42,36,43
Fragile contexts,2015,1 678 161,40,71,9,13,43,47,63,43,37,43
Fragile contexts,2016,1 713 771,41,72,9,13,43,47,63,43,37,44
Fragile contexts,2017,1 750 303,41,72,9,12,43,47,64,43,37,44
Fragile contexts,2018,1 787 384,42,73,9,12,44,48,64,44,37,45
Fragile contexts,2019,1 825 193,42,74,9,11,44,48,65,44,38,45
Fragile contexts,2020,1 863 816,43,74,9,11,44,49,65,44,38,46
Fragile contexts,2021,1 902 926,43,75,9,11,44,49,66,44,38,46
Fragile contexts,2022,1 942 903,44,76,10,10,45,50,66,45,39,47
Fragile contexts,2023,1 984 166,44,76,10,10,45,50,66,45,39,47
Fragile contexts,2024,2 025 984,45,77,10,9,45,51,67,45,40,47
Low and middle-income,2000,4 908 027,39,77,3,14,54,56,69,54,46,35
Low and middle-income,2001,4 984 040,39,78,3,14,54,57,70,54,47,34
Low and middle-income,2002,5 059 741,40,78,3,13,54,58,70,54,48,34
Low and middle-income,2003,5 134 268,41,79,3,13,55,58,71,55,49,34
Low and middle-income,2004,5 209 533,41,80,3,12,55,59,71,55,50,33
Low and middle-income,2005,5 285 217,42,80,3,12,56,60,72,56,51,33
Low and middle-income,2006,5 362 213,43,81,4,11,56,61,72,56,52,33
Low and middle-income,2007,5 438 769,43,81,4,11,57,62,73,57,52,33
Low and middle-income,2008,5 515 978,44,82,4,10,57,63,73,57,53,32
Low and middle-income,2009,5 595 139,44,83,4,10,58,64,74,58,54,32
Low and middle-income,2010,5 675 456,45,83,4,10,59,65,75,59,55,32
Low and middle-income,2011,5 765 997,45,84,4,9,59,66,75,59,56,32
Low and middle-income,2012,5 847 780,46,84,4,9,60,66,76,60,56,32
Low and middle-income,2013,5 930 138,47,85,4,8,61,67,76,61,57,31
Low and middle-income,2014,6 011 577,47,85,4,8,61,68,77,61,58,31
Low and middle-income,2015,6 091 556,48,86,4,8,62,69,77,62,59,31
Low and middle-income,2016,6 170 919,48,86,4,7,63,70,78,63,60,31
Low and middle-income,2017,6 251 050,49,87,4,7,64,71,78,64,60,31
Low and middle-income,2018,6 330 087,50,87,4,6,64,71,79,64,61,30
Low and middle-income,2019,6 406 420,50,88,4,6,65,72,79,65,62,30
Low and middle-income,2020,6 479 125,51,88,4,6,66,73,80,66,62,30
Low and middle-income,2021,6 545 471,51,89,4,5,66,74,80,66,63,30
Low and middle-income,2022,6 607 116,52,89,4,5,67,74,81,67,63,30
Low and middle-income,2023,6 670 598,52,90,4,5,67,75,81,67,64,30
Low and middle-income,2024,6 737 263,53,90,4,4,69,76,81,69,64,30
Low-income,2000,384 047,27,42,10,32,19,19,38,28,27,25
Low-income,2001,394 449,28,42,11,31,19,19,38,29,27,26
Low-income,2002,406 074,28,43,11,31,20,20,39,29,28,26
Low-income,2003,418 174,28,44,11,30,20,20,40,29,28,27
Low-income,2004,430 150,28,44,12,29,20,20,41,30,29,27
Low-income,2005,442 566,29,45,12,29,20,20,41,30,29,28
Low-income,2006,455 768,29,46,13,28,21,21,42,30,30,29
Low-income,2007,469 163,29,47,13,27,21,21,43,31,31,29
Low-income,2008,482 589,30,48,13,27,22,22,44,31,31,30
Low-income,2009,496 341,30,49,14,26,22,22,45,32,32,30
Low-income,2010,510 308,30,49,14,25,23,23,46,32,33,31
Low-income,2011,534 809,30,50,15,24,23,23,47,32,33,32
Low-income,2012,549 452,31,51,15,24,23,23,48,33,34,32
Low-income,2013,563 527,31,52,15,23,23,23,48,33,34,33
Low-income,2014,577 586,31,52,16,22,24,24,49,33,35,34
Low-income,2015,592 175,31,53,16,22,24,24,50,34,35,34
Low-income,2016,607 867,32,54,17,21,25,25,51,34,36,35
Low-income,2017,624 557,32,55,17,20,25,25,52,34,37,35
Low-income,2018,642 186,33,56,17,20,26,26,53,35,37,36
Low-income,2019,660 718,33,57,17,19,27,27,54,35,38,36
Low-income,2020,679 561,34,58,18,18,27,27,55,36,39,37
Low-income,2021,698 215,34,59,18,17,28,28,56,36,40,37
Low-income,2022,716 866,35,60,18,17,29,29,57,37,40,38
Low-income,2023,736 466,35,61,19,16,30,30,58,37,41,38
Low-income,2024,756 668,36,62,19,15,31,31,59,38,43,37
Lower-middle-income,2000,2 124 987,31,76,5,13,44,44,66,51,37,44
Lower-middle-income,2001,2 167 820,31,77,5,13,45,45,67,52,37,44
Lower-middle-income,2002,2 210 684,32,77,5,13,46,46,68,52,38,44
Lower-middle-income,2003,2 252 307,32,78,5,12,47,47,68,53,39,44
Lower-middle-income,2004,2 294 336,32,79,5,12,48,48,69,53,39,44
Lower-middle-income,2005,2 335 938,33,79,5,11,49,49,69,53,40,44
Lower-middle-income,2006,2 377 773,33,80,5,11,50,50,70,54,41,44
Lower-middle-income,2007,2 420 499,34,81,5,10,51,51,71,54,41,44
Lower-middle-income,2008,2 462 942,34,81,4,10,53,53,71,54,42,44
Lower-middle-income,2009,2 505 656,34,82,4,10,54,54,72,55,43,44
Lower-middle-income,2010,2 549 113,35,83,4,9,55,55,72,56,43,44
Lower-middle-income,2011,2 592 656,35,83,4,9,56,56,73,57,44,44
Lower-middle-income,2012,2 635 895,36,84,4,8,57,57,74,58,44,44
Lower-middle-income,2013,2 679 307,36,85,4,8,58,58,74,59,45,44
Lower-middle-income,2014,2 722 466,37,85,4,7,59,59,75,60,46,44
Lower-middle-income,2015,2 764 325,37,86,4,7,61,61,75,61,46,44
Lower-middle-income,2016,2 805 768,38,86,4,7,62,62,76,62,47,44
Lower-middle-income,2017,2 846 978,38,87,4,6,63,63,76,63,47,44
Lower-middle-income,2018,2 887 468,38,88,4,6,64,64,77,64,48,44
Lower-middle-income,2019,2 927 475,39,88,4,5,65,65,77,65,48,44
Lower-middle-income,2020,2 967 243,39,89,4,5,66,66,78,66,49,44
Lower-middle-income,2021,3 004 939,40,90,4,5,67,68,78,67,49,44
Lower-middle-income,2022,3 042 100,40,90,3,4,67,69,79,67,50,44
Lower-middle-income,2023,3 080 931,41,91,3,4,68,70,79,68,50,44
Lower-middle-income,2024,3 120 052,41,91,3,4,69,71,79,69,51,44
Upper-middle-income,2000,2 398 992,48,84,<1,12,70,73,77,70,57,28
Upper-middle-income,2001,2 421 771,49,85,<1,12,70,73,77,70,59,27
Upper-middle-income,2002,2 442 984,50,85,<1,11,71,74,77,71,60,26
Upper-middle-income,2003,2 463 787,51,86,<1,11,72,75,78,72,61,25
Upper-middle-income,2004,2 485 046,52,87,<1,10,72,77,79,72,63,25
Upper-middle-income,2005,2 506 714,53,87,<1,10,73,78,79,73,64,24
Upper-middle-income,2006,2 528 672,54,88,<1,9,73,79,80,73,66,23
Upper-middle-income,2007,2 549 108,55,89,<1,9,74,80,81,74,67,22
Upper-middle-income,2008,2 570 447,56,89,<1,8,74,81,81,74,68,22
Upper-middle-income,2009,2 593 141,57,90,<1,8,75,82,82,75,70,21
Upper-middle-income,2010,2 616 035,58,90,1,7,75,83,82,75,71,20
Upper-middle-income,2011,2 638 533,59,91,1,7,76,84,83,76,72,20
Upper-middle-income,2012,2 662 434,60,91,1,6,76,85,83,76,73,19
Upper-middle-income,2013,2 687 304,60,92,1,6,77,86,84,77,74,19
Upper-middle-income,2014,2 711 524,61,92,1,5,77,86,84,77,76,18
Upper-middle-income,2015,2 735 055,62,93,1,5,77,87,85,77,77,17
Upper-middle-income,2016,2 757 284,63,93,1,5,78,88,86,78,78,17
Upper-middle-income,2017,2 779 515,64,93,1,4,78,89,86,78,79,16
Upper-middle-income,2018,2 800 433,65,94,2,4,79,89,87,79,80,16
Upper-middle-income,2019,2 818 227,66,94,2,4,79,90,87,79,81,15
Upper-middle-income,2020,2 832 321,66,95,2,3,79,91,88,79,82,15
Upper-middle-income,2021,2 842 317,67,95,2,3,80,91,88,80,82,14
Upper-middle-income,2022,2 848 150,68,95,1,3,80,92,89,80,83,14
Upper-middle-income,2023,2 853 201,69,96,1,2,74,92,89,74,84,14
Upper-middle-income,2024,2 860 544,69,96,1,2,78,92,89,78,84,13
High-income,2000,1 227 506,76,98,<1,1,93,93,-,96,93,5
High-income,2001,1 233 882,76,98,<1,1,93,93,-,96,93,5
High-income,2002,1 241 002,77,99,<1,<1,93,93,-,96,94,4
High-income,2003,1 248 317,77,99,<1,<1,93,93,-,96,94,4
High-income,2004,1 255 266,77,99,<1,<1,93,93,-,96,94,4
High-income,2005,1 262 350,77,99,<1,<1,94,94,94,96,95,4
High-income,2006,1 269 616,78,99,<1,<1,94,94,94,96,95,4
High-income,2007,1 278 042,78,99,<1,<1,94,94,94,96,95,3
High-income,2008,1 287 114,78,99,<1,<1,94,94,95,96,95,3
High-income,2009,1 295 424,79,99,<1,<1,95,95,95,97,95,3
High-income,2010,1 303 171,79,99,<1,<1,95,95,95,97,96,3
High-income,2011,1 311 164,79,99,<1,<1,95,95,95,97,96,3
High-income,2012,1 319 250,79,99,<1,<1,95,95,95,97,96,3
High-income,2013,1 327 082,79,99,<1,<1,95,95,95,97,96,3
High-income,2014,1 335 091,80,>99,<1,<1,95,95,95,97,96,3
High-income,2015,1 343 667,80,>99,<1,<1,95,95,95,97,96,2
High-income,2016,1 352 170,80,>99,<1,<1,95,95,95,97,96,2
High-income,2017,1 359 271,80,>99,<1,<1,95,95,95,97,97,2
High-income,2018,1 365 261,80,>99,<1,<1,95,95,96,97,97,2
High-income,2019,1 371 187,80,>99,<1,<1,96,96,96,97,97,2
High-income,2020,1 374 663,81,>99,<1,<1,96,96,96,97,97,2
High-income,2021,1 375 961,81,>99,<1,<1,96,96,96,97,97,2
High-income,2022,1 381 312,81,>99,<1,<1,96,96,96,97,98,1
High-income,2023,1 388 068,81,>99,<1,<1,96,96,96,97,98,1
High-income,2024,1 391 523,81,>99,<1,<1,96,96,96,97,98,1
WORLD,2000,6 162 489,46,82,3,12,61,63,74,61,55,29
WORLD,2001,6 245 362,47,82,3,11,61,64,74,61,56,28
WORLD,2002,6 328 670,47,83,3,11,62,65,75,62,57,28
WORLD,2003,6 410 999,48,83,3,11,62,65,75,62,58,28
WORLD,2004,6 493 688,48,83,3,10,62,66,75,62,59,28
WORLD,2005,6 576 928,49,84,3,10,63,67,76,63,59,27
WORLD,2006,6 661 662,49,84,3,9,63,68,76,63,60,27
WORLD,2007,6 747 113,50,85,3,9,63,68,77,63,61,27
WORLD,2008,6 833 839,50,85,3,9,64,69,77,64,61,27
WORLD,2009,6 921 728,51,86,3,8,64,70,78,64,62,27
WORLD,2010,7 010 197,51,86,3,8,65,71,78,65,63,26
WORLD,2011,7 109 132,52,87,3,8,65,71,79,65,63,26
WORLD,2012,7 199 396,52,87,3,7,66,72,79,66,64,26
WORLD,2013,7 289 976,53,87,3,7,66,72,79,66,64,26
WORLD,2014,7 379 807,53,88,3,7,67,73,80,67,65,26
WORLD,2015,7 468 713,54,88,3,6,68,74,80,68,66,26
WORLD,2016,7 556 793,54,89,3,6,68,75,81,68,66,26
WORLD,2017,7 643 850,55,89,3,6,69,75,81,69,67,26
WORLD,2018,7 728 135,55,89,3,5,69,76,82,69,67,25
WORLD,2019,7 809 539,56,90,3,5,70,76,82,70,68,25
WORLD,2020,7 885 250,56,90,4,5,70,77,82,70,68,25
WORLD,2021,7 952 707,56,90,4,4,71,78,83,71,69,25
WORLD,2022,8 019 689,57,91,3,4,72,78,83,72,69,25
WORLD,2023,8 090 035,57,91,3,4,72,79,84,72,70,25
WORLD,2024,8 160 288,58,91,4,4,74,79,84,74,70,25